Location Number,Peak Discharge,Slope,Location,Type,Flow Velocity,Flow Depth
1,0.052,0.7,Block 12,Deep Swale,1.1861392172209633,0.16163514184951783
2,0.097,0.861,Block 16,Deep Swale,1.495235961057221,0.21063956403732295
3,0.237,0.798,Block 10,Gravel Lane,0.6102255489517167,0.11659045624732971
4,0.232,0.885,Block 8,Gravel Lane,0.6309974766762534,0.11343947380781172
5,0.268,0.847,Block 5,Gravel Lane,0.6434889917955123,0.12073435276746747
