Location Number,Peak Discharge,Slope,Location,Type,Road Width,ROW,Curb,Flow Depth,Flow Velocity
1,10.0,3.0,test,Road,10.0,15.0,std,0.20936484130285668,3.993774289067885
2,10.0,3.0,test,Road,10.0,15.0,rolled,0.20132004327327013,4.016326273070731
3,0.1,3.0,test,Road,10.0,15.0,std,0.06254756128787994,1.0423842549881175
4,0.1,3.0,test,Road,10.0,15.0,rolled,0.06041273641586302,1.043621205888528
5,0.4,1.0,test,Road,10.0,15.0,std,0.11018985554575916,0.9684962462044481
6,0.4,1.0,test,Road,10.0,15.0,rolled,0.10866412922739979,0.9266015333655547
